select insert_person('Монки Д. Луффи', 174, '2003-05-05');
select insert_person('Ророноа Зоро', 181, '2001-11-11');
select insert_person('Нами', 170, '2002-07-03');
select insert_person('Усопп', 176, '2003-04-01');
select insert_person('Винсмок Санджи', 180, '2001-03-02');
select insert_person('Тони Тони Чоппер', 90, '2005-11-24');
select insert_person('Нико Робин', 188, '1992-02-06');
select insert_person('Френки', 240, '1986-04-09');
select insert_person('Брук', 277, '1932-04-03');
select insert_person('Дзимбей', 301, '1976-04-09');
select insert_person('Кайдо', 710, '1963-05-01');
select insert_person('Кинг', 613, '1975-12-01');
select insert_person('Квин', 612, '1966-06-13');
select insert_person('Джек', 830, '1966-06-13');
select insert_person('Х Дрейк', 233, '1989-10-10');
select insert_person('Пейдж Ван', 171, '2002-02-10');
select insert_person('Ульти', 173, '2000-01-04');
select insert_person('Хуисху', 336, '1984-07-28');
select insert_person('Блек Мария', 820, '1993-09-28');
select insert_person('Сасаки', 318, '1988-06-15');
select insert_person('Шарлотта Линлин', 880, '1954-02-15');
select insert_person('Шарлотта Катакури', 509, '1974-11-25');
select insert_person('Шарлотта Смузи', 464, '1987-10-12');
select insert_person('Шарлотта Крекер', 307, '1977-02-28');
select insert_person('Шарлотта Пэросперо', 333, '1972-05-14');
select insert_person('Шарлотта Дайфуку',489 , '1974-11-25');
select insert_person('Шарлотта Овен',492 , '1974-11-25');
select insert_person('Шарлотта Брюле',350 , '1979-03-06');





select insert_person('Сакаджзуки',306 , '1967-08-16');
select insert_person('Кизару',302 , '1964-11-23');
select insert_person('Футзитора',270 , '1968-08-10');
select insert_person('Рёкугю',303 , '1977-01-26');
select insert_person('Цуру',204 , '1946-03-26');
select insert_person('Момонга',251 , '1974-06-06');
select insert_person('Смокер',209 , '1986-03-14');
select insert_person('Хина',195 , '1988-03-03');
select insert_person('Тасиги',170, '1999-10-06');
select insert_person('Коби',167, '2004-05-13');
select insert_person('Хельмеппо',180, '2002-07-16');
select insert_person('Монки Д. Гарп',287, '1944-05-02');
select insert_person('Сэнгоку',278, '1943-05-09');





INSERT INTO sentinel(person_id, ranking_id, base_id) VALUES
(31, 1,1),
(32, 2,1),
(33, 2,1),
(34, 2,1),
(35, 3,1),
(36, 3,1),
(37, 3,2),
(38, 4,1),
(39, 6,2),
(40, 6,1),
(41, 7,1),
(42, 8,1),
(43, 8,1);


INSERT INTO pirate(ID, PERSON_ID, CAPTURE_REWARD) VALUES
(2,4, 1111000),
(3,5,366000),
(4,6,200000),
(5,7, 1032000),
(6,8,1),
(7,9, 930000),
(8,10,394000),
(9,11,383000),
(10,12,1100000),
(13,15,1320000),
(12,14,1390000),
(11,13,4611100),
(14,16,1000000),
(15,17,222000),
(16,18,290000),
(17,19,400000),
(18,20,546000),
(19,21,480000),
(20,22,472000),
(21,23,4388000),
(22,24,1057000),
(23,25,932000),
(24,26,860000),
(25,27,700000),
(26,28,300000),
(27,29,300000);


INSERT INTO pirate_team(pirate_id, team_id, title) VALUES
(1,1,'Капитан'),
(2,1,'Помощник'),
(3,1,'Навигатор'),
(4,1,'Снайпер'),
(5,1,'Кок'),
(6,1,'Врач'),
(7,1,'Архиолог'),
(8,1,'Плотник'),
(9,1,'Музыкант'),
(10,1,'Рудевой');
INSERT INTO pirate_team(pirate_id, team_id, title) VALUES
(11,2,'Генерал'),
(12,2,'Звёзда'),
(13,2,'Звёзда'),
(14,2,'Звёзды'),
(15,2,'Тобироппо'),
(16,2,'Тобироппо'),
(17,2,'Тобироппо'),
(18,2,'Тобироппо'),
(19,2,'Тобироппо'),
(20,2,'Тобироппо');
INSERT INTO pirate_team(pirate_id, team_id, title) VALUES
(21,3,'Капитан'),
(22,3,'Конфетный Генерал'),
(23,3,'Конфетный Генерал'),
(24,3,'Конфетный Генерал '),
(25,3,'Руководитель'),
(26,3,'Руководитель'),
(27,3,'Руководитель');





INSERT INTO team(name, ship_id, value_price) VALUES
('Пираты Соломенной Шляпы', 1, 8816001);
INSERT INTO team(name, ship_id, value_price) VALUES
('Пираты Звери', null, 11179100);
INSERT INTO team(name, ship_id, value_price) VALUES
('Пираты Биг Мам', 2, 10121500);



INSERT INTO ship(name) VALUES
('Таузенд Сани');
INSERT INTO ship(name) VALUES
('Куин Мама Чантер');


INSERT INTO ranking(name) values
('Адмирал Флота'),
('Адмирал'),
('Вице-адмирал'),
('Контр-адмирал'),
('Коммандор'),
('Капитан'),
('Коммандер'),
('Инструктор');

INSERT INTO base(name) values
('Маринфорт'),
('G-5'),
('G-8');


select insert_devil_fruit_type('Парамеция', ' Эти плоды дают съевшему «сверхчеловеческие» способности, влияющие на их тело, окружающую среду или позволяющие вырабатывать какие-либо субстанции. В основном, силы парамеций — это всё, что не относится к превращению в элемент или животное.');
select insert_devil_fruit_type('Зоан', 'Он позволяет своему пользователю превращаться в другой вид животного или в межвидовой гибрид.');
select insert_devil_fruit_type('Логия', 'тип Дьявольских плодов, дарующих съевшему способность преобразовать свое тело в определенный природный элемент.');

INSERT INTO devil_fruits(name, fruit_type_id, description) VALUES
('Плод Человек, модель: Ника',2, 'Свобода фантазии'),
('Плод Человек',2, 'Человек'),
('Плод Цвети',1,'Цветок, цветение'),
('Ёми Ёми но Ми',1,'Страна мертвых'),
('Плод Лазурный дракон',2,'Дракон'),
('Плод Динозавр, модель: Птеранодон', 2, 'Птеранодон'),
('Плод Динозавр, модель: Брахиозавр', 2, 'Брахиозавр'),
('Дзо Дзо но Ми, модель: Мамонт', 2, 'Мамонт'),
('Плод Динозавр, модель:  Аллозавр', 2, ' Аллозавр'),
('Плод Динозавр, модель:  Спинозавр', 2, 'Спинозавр'),
('Плод Динозавр, модель:  Пахицефалозавр', 2, 'Пахицефалозавр'),
('Нэко Нэко но Ми, модель: Смилодон', 2, 'Нэко Нэко но Ми, модель: Смилодон'),
('Кумо Кумо но Ми, модель: Розамигале Граувогели',2,'Кумо Кумо но Ми, модель: Розамигале Граувогели'),
('Плод Динозавр, модель:  Трицератопс', 2, 'Трицератопс'),
('Сору Сору но Ми',1,'Душа'),
('Моти Моти но Ми',1,'Моти, липкий'),
('Сибо Сибо но Ми',1,'Сжатие'),
('Бису Бису но Ми',1,'Бисквит'),
('Пэро Пэро но Ми',1,'Звук лизания'),
('Хоя Хоя но Ми',1,'Джин'),
('Нэцу Нэцу но Ми',1,'Жар'),
('Мира Мира но Ми',1,'Зеркало'),
('Магу Магу но Ми',3,'Магма'),
('Пика Пика но Ми',3,'Свет'),
('Дзуси Дзуси но Ми',1,'Гравитация'),
('Мори Мори но Ми',3,'Лес'),
('Восю Восю но Ми',1,'Стирка'),
('Моку Моку но Ми',3,'Звук развевающегося дыма'),
('Ори Ори но Ми',1,'Клетка'),
('Хито Хито но Ми, модель: Дайбуцу',2,'Человек, Великий Будда');

INSERT INTO devil_fruits_owner(person_id, fruit_id, owner_level) VALUES
(3,1,900),
(8,2,320),
(9,3,500),
(11,4,450),
(13,5,860),
(14,6,790),
(15,7,790),
(16,8,760),
(17,9,500),
(18,9,400),
(19,10,500),
(20,11,520),
(21,12,600),
(22,13,560),
(23,15,800),
(24,16,750),
(25,17,699),
(26,18,700),
(27,19,400),
(28,20,500),
(29,21,200),
(30,22,200),
(31,23,810),
(32,24,800),
(33,25,540),
(34,26,200),
(35,27,550),
(36,28,100),
(37,29,700),
(43,30,560);

INSERT INTO weapon (name, description) VALUES
('Палка','Обычная палка'),
('Пистолет', 'Пистолет'),
('Булава', 'Булава'),
('Мечь ', 'Мечь'),
('Ноги','Различные приемы ногами'),
('Кулаки','Различные удары кулаками'),
('Секира', 'Особый топор') ;

INSERT INTO weapon_owner(person_id, weapon_id, owner_level) VALUES
(3,7,446),
(4,4,54),
(5,4,870),
(6,3,28),
(7,6,634),
(8,3,422),
(9,5,485),
(10,6,399),
(11,2,644),
(12,1,988),
(13,3,858),
(14,6,425),
(15,1,469),
(16,2,504),
(17,2,711),
(18,6,41),
(19,1,144),
(20,1,873),
(21,5,297),
(22,4,383),
(23,4,768),
(24,2,735),
(25,6,230),
(26,5,709),
(27,4,228),
(28,5,126),
(29,6,735),
(30,6,551),
(31,6,756),
(32,7,858),
(33,5,961),
(34,1,775),
(35,2,501),
(36,1,139),
(37,4,524),
(38,5,386),
(39,5,589),
(40,1,977),
(41,7,844),
(42,6,631),
(43,3,121);

INSERT INTO will(name, description) VALUES
('Воля вооружения','Позволяет усилять защиту и атаку'),
('Воля наблюдения','Позволяет предсказывать действия противника'),
('Воля королей','Присуща королям');

INSERT INTO will_owner(person_id, will_id, owner_level) VALUES
(3,1,569),
(3,2,348),
(4,1,860),
(4,2,110),
(5,1,364),
(5,2,303),
(6,1,635),
(6,2,592),
(7,1,231),
(7,2,119),
(8,1,355),
(8,2,46),
(9,1,351),
(9,2,145),
(10,1,866),
(10,2,147),
(11,1,743),
(12,1,453),
(12,2,256),
(13,1,112),
(13,2,933),
(14,1,682),
(14,2,855),
(15,1,510),
(15,2,19),
(16,1,919),
(16,2,169),
(17,1,314),
(17,2,268),
(18,1,404),
(18,2,488),
(19,1,528),
(19,2,890),
(20,1,22),
(20,2,746),
(21,1,853),
(21,2,289),
(22,1,791),
(22,2,675),
(23,1,35),
(23,2,210),
(24,1,843),
(24,2,311),
(25,1,65),
(25,2,485),
(26,1,472),
(26,2,946),
(27,1,409),
(27,2,289),
(28,1,539),
(28,2,5),
(29,1,294),
(29,2,367),
(30,1,654),
(30,2,957),
(31,1,743),
(31,2,73),
(32,1,113),
(32,2,99),
(33,1,316),
(33,2,777),
(34,1,354),
(34,2,539),
(35,1,691),
(35,2,441),
(36,1,669),
(36,2,205),
(37,1,689),
(37,2,364),
(38,1,560),
(38,2,40),
(39,1,170),
(39,2,914),
(40,1,605),
(40,2,874),
(41,1,76),
(41,2,396),
(42,1,861),
(42,2,309),
(43,1,451),
(43,2,309),
(3, 3 ,800),
(4, 3 ,500),
(13, 3, 850),
(23, 3, 750),
(24, 3, 600);
